create table student_det(roll_number varchar(20) primary key,  name varchar(20), gender char, college_mail_id varchar(50) unique, personal_mail_id varchar(50) unique, phone_number bigint unique, hostel varchar(20), room_number varchar(5), nationality varchar(20),  mother_tongue varchar(20), communication_address varchar(100), permanent_address varchar(100), dob varchar(20), blood_group varchar(5), advisor_id varchar(10) references faculty(id), enrolment_number int unsigned NOT NULL AUTO_INCREMENT, UNIQUE KEY (enrolment_number));
ALTER TABLE student_det AUTO_INCREMENT = 10000000;

insert into student_det(roll_number, name, gender, college_mail_id, personal_mail_id, phone_number, hostel, room_number, nationality, mother_tongue, communication_address, permanent_address, dob, blood_group, advisor_id) values('CB.EN.U4CSE18001', 'Aaryan S','M','cb.en.u4cse18001@cb.students.amrita.edu','student1@gmail.com',9888811111, 'Dayscholar', '-', 'Indian', 'Tamil', 'XYZ street, ABC', 'SPS street, FYU', '04-01-2001', 'O+', 12301);
insert into student_det(roll_number, name, gender, college_mail_id, personal_mail_id, phone_number, hostel, room_number, nationality, mother_tongue, communication_address, permanent_address, dob, blood_group, advisor_id) values('CB.EN.U4CSE18002', 'Abhay B','M','cb.en.u4cse18002@cb.students.amrita.edu','student2@gmail.com',9876811111, 'YKB', 'F101', 'Indian', 'Telugu', 'ZXY street, ABC', 'ZXY Street, ABC', '05-11-2000', 'O-', 12301);
insert into student_det(roll_number, name, gender, college_mail_id, personal_mail_id, phone_number, hostel, room_number, nationality, mother_tongue, communication_address, permanent_address, dob, blood_group, advisor_id) values('CB.EN.U4CSE18003', 'Abhinaya S','F','cb.en.u4cse18003@cb.students.amrita.edu','student3@gmail.com',983584411, 'Dayscholar', '-', 'Indian', 'Tamil', 'XYZ street, ABC', 'XYZ street, ABC', '14-12-2000', 'A+', 12301);
insert into student_det(roll_number, name, gender, college_mail_id, personal_mail_id, phone_number, hostel, room_number, nationality, mother_tongue, communication_address, permanent_address, dob, blood_group, advisor_id) values('CB.EN.U4CSE18004', 'Aisha G','F','cb.en.u4cse18004@cb.students.amrita.edu','student4@gmail.com',9888898979, 'BHV', 'G101', 'Indian', 'Telugu', 'HIJ street, CFH', 'HIJ street, CFH', '07-07-2000', 'A-', 12301);
insert into student_det(roll_number, name, gender, college_mail_id, personal_mail_id, phone_number, hostel, room_number, nationality, mother_tongue, communication_address, permanent_address, dob, blood_group, advisor_id) values('CB.EN.U4CSE18005', 'Ajay G','M','cb.en.u4cse18005@cb.students.amrita.edu','student5@gmail.com',9999911111, 'YKB', 'F101', 'Indian', 'Telugu', 'ZXY street, ABC', 'ZXY Street, ABC', '15-12-2000', 'B-', 12301);
insert into student_det(roll_number, name, gender, college_mail_id, personal_mail_id, phone_number, hostel, room_number, nationality, mother_tongue, communication_address, permanent_address, dob, blood_group, advisor_id) values('CB.EN.U4CSE18006', 'Aadhi R','M','cb.en.u4cse18006@cb.students.amrita.edu','student6@gmail.com',9886782013, 'YKB', 'F103', 'Indian', 'Telugu', 'ZXY street, ABC', 'ZXY Street, ABC', '05-11-2000', 'O-', 12301);
insert into student_det(roll_number, name, gender, college_mail_id, personal_mail_id, phone_number, hostel, room_number, nationality, mother_tongue, communication_address, permanent_address, dob, blood_group, advisor_id) values('CB.EN.U4CSE18007', 'Bharat S','M','cb.en.u4cse18007@cb.students.amrita.edu','student7@gmail.com',900055555, 'YKB', 'F100', 'Indian', 'Telugu', 'ZXY street, ABC', 'ZXY Street, ABC', '05-08-2000', 'O-', 12301);
insert into student_det(roll_number, name, gender, college_mail_id, personal_mail_id, phone_number, hostel, room_number, nationality, mother_tongue, communication_address, permanent_address, dob, blood_group, advisor_id) values('CB.EN.U4CSE18008', 'Bharati M','F','cb.en.u4cse18008@cb.students.amrita.edu','student8@gmail.com',9797933311, 'BHV', 'G102', 'Indian', 'Telugu', 'HIJ street, CFH', 'HIJ street, CFH', '07-07-2000', 'A-', 12301);
insert into student_det(roll_number, name, gender, college_mail_id, personal_mail_id, phone_number, hostel, room_number, nationality, mother_tongue, communication_address, permanent_address, dob, blood_group, advisor_id) values('CB.EN.U4CSE18009', 'Dhanush S','M','cb.en.u4cse18009@cb.students.amrita.edu','student9@gmail.com',9000000011, 'YKB', 'F104', 'Indian', 'Telugu', 'ZXY street, ABC', 'ZXY Street, ABC', '09-11-2000', 'O-', 12301);
insert into student_det(roll_number, name, gender, college_mail_id, personal_mail_id, phone_number, hostel, room_number, nationality, mother_tongue, communication_address, permanent_address, dob, blood_group, advisor_id) values('CB.EN.U4CSE18010', 'Divya T','F','cb.en.u4cse18010@cb.students.amrita.edu','student10@gmail.com',9888811455, 'BHV', 'G101', 'Indian', 'Telugu', 'HIJ street, CFH', 'HIJ street, CFH', '07-07-2000', 'A-', 12301);

insert into student_det(roll_number, name, gender, college_mail_id, personal_mail_id, phone_number, hostel, room_number, nationality, mother_tongue, communication_address, permanent_address, dob, blood_group, advisor_id) values('CB.EN.U4CSE18101', 'Aaryan S','M','cb.en.u4cse18101@cb.students.amrita.edu','student11@gmail.com',9888811112, 'YKB', 'F104', 'Indian', 'Telugu', 'ZXY street, ABC', 'ZXY Street, ABC', '05-11-2000', 'O-', 14312);
insert into student_det(roll_number, name, gender, college_mail_id, personal_mail_id, phone_number, hostel, room_number, nationality, mother_tongue, communication_address, permanent_address, dob, blood_group, advisor_id) values('CB.EN.U4CSE18102', 'Abhay B','M','cb.en.u4cse18102@cb.students.amrita.edu','student12@gmail.com',9876811112, 'YKB', 'F104', 'Indian', 'Telugu', 'ZXY street, ABC', 'ZXY Street, ABC', '05-11-2000', 'O-', 14312);
insert into student_det(roll_number, name, gender, college_mail_id, personal_mail_id, phone_number, hostel, room_number, nationality, mother_tongue, communication_address, permanent_address, dob, blood_group, advisor_id) values('CB.EN.U4CSE18103', 'Abhinaya S','F','cb.en.u4cse18103@cb.students.amrita.edu','student13@gmail.com',983584412, 'YKB', 'F104', 'Indian', 'Telugu', 'ZXY street, ABC', 'ZXY Street, ABC', '05-11-2000', 'O-', 14312);
insert into student_det(roll_number, name, gender, college_mail_id, personal_mail_id, phone_number, hostel, room_number, nationality, mother_tongue, communication_address, permanent_address, dob, blood_group, advisor_id) values('CB.EN.U4CSE18104', 'Aisha G','F','cb.en.u4cse18104@cb.students.amrita.edu','student14@gmail.com',9888898970, 'YKB', 'F104', 'Indian', 'Telugu', 'ZXY street, ABC', 'ZXY Street, ABC', '05-11-2000', 'O-', 14312);
insert into student_det(roll_number, name, gender, college_mail_id, personal_mail_id, phone_number, hostel, room_number, nationality, mother_tongue, communication_address, permanent_address, dob, blood_group, advisor_id) values('CB.EN.U4CSE18105', 'Ajay G','M','cb.en.u4cse18105@cb.students.amrita.edu','student15@gmail.com',9999911112, 'YKB', 'F104', 'Indian', 'Telugu', 'ZXY street, ABC', 'ZXY Street, ABC', '05-11-2000', 'O-', 14312);
insert into student_det(roll_number, name, gender, college_mail_id, personal_mail_id, phone_number, hostel, room_number, nationality, mother_tongue, communication_address, permanent_address, dob, blood_group, advisor_id) values('CB.EN.U4CSE18106', 'Aadhi R','M','cb.en.u4cse18106@cb.students.amrita.edu','student16@gmail.com',9886782012, 'YKB', 'F104', 'Indian', 'Telugu', 'ZXY street, ABC', 'ZXY Street, ABC', '05-11-2000', 'O-', 14312);
insert into student_det(roll_number, name, gender, college_mail_id, personal_mail_id, phone_number, hostel, room_number, nationality, mother_tongue, communication_address, permanent_address, dob, blood_group, advisor_id) values('CB.EN.U4CSE18107', 'Bharat S','M','cb.en.u4cse18107@cb.students.amrita.edu','student17@gmail.com',900055552, 'YKB', 'F104', 'Indian', 'Telugu', 'ZXY street, ABC', 'ZXY Street, ABC', '05-11-2000', 'O-', 14312);
insert into student_det(roll_number, name, gender, college_mail_id, personal_mail_id, phone_number, hostel, room_number, nationality, mother_tongue, communication_address, permanent_address, dob, blood_group, advisor_id) values('CB.EN.U4CSE18108', 'Bharati M','F','cb.en.u4cse18108@cb.students.amrita.edu','student18@gmail.com',9797933312, 'YKB', 'F104', 'Indian', 'Telugu', 'ZXY street, ABC', 'ZXY Street, ABC', '05-11-2000', 'O-', 14312);
insert into student_det(roll_number, name, gender, college_mail_id, personal_mail_id, phone_number, hostel, room_number, nationality, mother_tongue, communication_address, permanent_address, dob, blood_group, advisor_id) values('CB.EN.U4CSE18109', 'Dhanush S','M','cb.en.u4cse18109@cb.students.amrita.edu','student19@gmail.com',9000000012, 'YKB', 'F104', 'Indian', 'Telugu', 'ZXY street, ABC', 'ZXY Street, ABC', '05-11-2000', 'O-', 14312);
insert into student_det(roll_number, name, gender, college_mail_id, personal_mail_id, phone_number, hostel, room_number, nationality, mother_tongue, communication_address, permanent_address, dob, blood_group, advisor_id) values('CB.EN.U4CSE18110', 'Divya T','F','cb.en.u4cse18110@cb.students.amrita.edu','student110@gmail.com',9888811452, 'YKB', 'F104', 'Indian', 'Telugu', 'ZXY street, ABC', 'ZXY Street, ABC', '05-11-2000', 'O-', 14312);
-- select * from student_det_2018;


insert into student_det(roll_number, name, gender, college_mail_id, personal_mail_id, phone_number, hostel, room_number, nationality, mother_tongue, communication_address, permanent_address, dob, blood_group, advisor_id) values('CB.EN.U4CSE17001', 'Adith','M','cb.en.u4cse17001@cb.students.amrita.edu','student71@gmail.com',9888811113, 'VLB', 'G101', 'Indian', 'Telugu', 'HIJ street, CFH', 'HIJ street, CFH', '07-07-2000', 'A-', 13301);
insert into student_det(roll_number, name, gender, college_mail_id, personal_mail_id, phone_number, hostel, room_number, nationality, mother_tongue, communication_address, permanent_address, dob, blood_group, advisor_id) values('CB.EN.U4CSE17002', 'Adithi','F','cb.en.u4cse17002@cb.students.amrita.edu','student72@gmail.com',9876811113, 'VLB', 'G101', 'Indian', 'Telugu', 'HIJ street, CFH', 'HIJ street, CFH', '07-07-2000', 'A-', 13301);
insert into student_det(roll_number, name, gender, college_mail_id, personal_mail_id, phone_number, hostel, room_number, nationality, mother_tongue, communication_address, permanent_address, dob, blood_group, advisor_id) values('CB.EN.U4CSE17003', 'Adithya','M','cb.en.u4cse17003@cb.students.amrita.edu','student73@gmail.com',983584413, 'VLB', 'G101', 'Indian', 'Telugu', 'HIJ street, CFH', 'HIJ street, CFH', '07-07-2000', 'A-', 13301);
insert into student_det(roll_number, name, gender, college_mail_id, personal_mail_id, phone_number, hostel, room_number, nationality, mother_tongue, communication_address, permanent_address, dob, blood_group, advisor_id) values('CB.EN.U4CSE17004', 'Aisha H','F','cb.en.u4cse17004@cb.students.amrita.edu','student74@gmail.com',9888898973, 'VLB', 'G101', 'Indian', 'Telugu', 'HIJ street, CFH', 'HIJ street, CFH', '07-07-2000', 'A-', 13301);
insert into student_det(roll_number, name, gender, college_mail_id, personal_mail_id, phone_number, hostel, room_number, nationality, mother_tongue, communication_address, permanent_address, dob, blood_group, advisor_id) values('CB.EN.U4CSE17005', 'Aman G','M','cb.en.u4cse17005@cb.students.amrita.edu','student75@gmail.com',9999911113, 'VLB', 'G101', 'Indian', 'Telugu', 'HIJ street, CFH', 'HIJ street, CFH', '07-07-2000', 'A-', 13301);
insert into student_det(roll_number, name, gender, college_mail_id, personal_mail_id, phone_number, hostel, room_number, nationality, mother_tongue, communication_address, permanent_address, dob, blood_group, advisor_id) values('CB.EN.U4CSE17006', 'Aadhi Venkat','M','cb.en.u4cse17006@cb.students.amrita.edu','student76@gmail.com',9886782010, 'VLB', 'G101', 'Indian', 'Telugu', 'HIJ street, CFH', 'HIJ street, CFH', '07-07-2000', 'A-', 13301);
insert into student_det(roll_number, name, gender, college_mail_id, personal_mail_id, phone_number, hostel, room_number, nationality, mother_tongue, communication_address, permanent_address, dob, blood_group, advisor_id) values('CB.EN.U4CSE17007', 'Buvan S','M','cb.en.u4cse17007@cb.students.amrita.edu','student77@gmail.com',900055553, 'VLB', 'G101', 'Indian', 'Telugu', 'HIJ street, CFH', 'HIJ street, CFH', '07-07-2000', 'A-', 13301);
insert into student_det(roll_number, name, gender, college_mail_id, personal_mail_id, phone_number, hostel, room_number, nationality, mother_tongue, communication_address, permanent_address, dob, blood_group, advisor_id) values('CB.EN.U4CSE17008', 'Cynthia','F','cb.en.u4cse17008@cb.students.amrita.edu','student78@gmail.com',9797933313, 'VLB', 'G101', 'Indian', 'Telugu', 'HIJ street, CFH', 'HIJ street, CFH', '07-07-2000', 'A-', 13301);
insert into student_det(roll_number, name, gender, college_mail_id, personal_mail_id, phone_number, hostel, room_number, nationality, mother_tongue, communication_address, permanent_address, dob, blood_group, advisor_id) values('CB.EN.U4CSE17009', 'Dhanush S','M','cb.en.u4cse17009@cb.students.amrita.edu','student79@gmail.com',9000000013, 'VLB', 'G101', 'Indian', 'Telugu', 'HIJ street, CFH', 'HIJ street, CFH', '07-07-2000', 'A-', 13301);
insert into student_det(roll_number, name, gender, college_mail_id, personal_mail_id, phone_number, hostel, room_number, nationality, mother_tongue, communication_address, permanent_address, dob, blood_group, advisor_id) values('CB.EN.U4CSE17010', 'Divya T','F','cb.en.u4cse17010@cb.students.amrita.edu','student710@gmail.com',9888811453, 'VLB', 'G101', 'Indian', 'Telugu', 'HIJ street, CFH', 'HIJ street, CFH', '07-07-2000', 'A-', 13301);

-- insert into student_det(roll_number, name, gender, college_mail_id, personal_mail_id, phone_number, hostel, room_number, nationality, mother_tongue, communication_address, permanent_address, dob, blood_group, advisor_id) values('CB.EN.U4CSE17101', 'Adith','M','cb.en.u4cse17101@cb.students.amrita.edu','student_det721@gmail.com',9888811114);
-- insert into student_det(roll_number, name, gender, college_mail_id, personal_mail_id, phone_number, hostel, room_number, nationality, mother_tongue, communication_address, permanent_address, dob, blood_group, advisor_id) values('CB.EN.U4CSE17102', 'Adithi','F','cb.en.u4cse17102@cb.students.amrita.edu','student_det722@gmail.com',9876811114);
-- insert into student_det(roll_number, name, gender, college_mail_id, personal_mail_id, phone_number, hostel, room_number, nationality, mother_tongue, communication_address, permanent_address, dob, blood_group, advisor_id) values('CB.EN.U4CSE17103', 'Adithya','M','cb.en.u4cse17103@cb.students.amrita.edu','student_det723@gmail.com',983584414);
-- insert into student_det(roll_number, name, gender, college_mail_id, personal_mail_id, phone_number, hostel, room_number, nationality, mother_tongue, communication_address, permanent_address, dob, blood_group, advisor_id) values('CB.EN.U4CSE17104', 'Aisha H','F','cb.en.u4cse17104@cb.students.amrita.edu','student_det724@gmail.com',9888898974);
-- insert into student_det(roll_number, name, gender, college_mail_id, personal_mail_id, phone_number, hostel, room_number, nationality, mother_tongue, communication_address, permanent_address, dob, blood_group, advisor_id) values('CB.EN.U4CSE17105', 'Aman G','M','cb.en.u4cse17105@cb.students.amrita.edu','student_det725@gmail.com',9999911114);
-- insert into student_det(roll_number, name, gender, college_mail_id, personal_mail_id, phone_number, hostel, room_number, nationality, mother_tongue, communication_address, permanent_address, dob, blood_group, advisor_id) values('CB.EN.U4CS(roll_number, name, gender, college_mail_id, personal_mail_id, phone_number, hostel, room_number, nationality, mother_tongue, communication_address, permanent_address, dob, blood_group, advisor_id)E17106', 'Aadhi Venkat','M','cb.en.u4cse17106@cb.students.amrita.edu','student_det726@gmail.com',9886782014);
-- insert into student_det(roll_number, name, gender, college_mail_id, personal_mail_id, phone_number, hostel, room_number, nationality, mother_tongue, communication_address, permanent_address, dob, blood_group, advisor_id) values('CB.EN.U4CSE17107', 'Buvan S','M','cb.en.u4cse17107@cb.students.amrita.edu','student_det727@gmail.com',900055554);
-- insert into student_det(roll_number, name, gender, college_mail_id, personal_mail_id, phone_number, hostel, room_number, nationality, mother_tongue, communication_address, permanent_address, dob, blood_group, advisor_id) values('CB.EN.U4CSE17108', 'Cynthia','F','cb.en.u4cse17108@cb.students.amrita.edu','student_det728@gmail.com',9797933314);
-- insert into student_det(roll_number, name, gender, college_mail_id, personal_mail_id, phone_number, hostel, room_number, nationality, mother_tongue, communication_address, permanent_address, dob, blood_group, advisor_id) values('CB.EN.U4CSE17109', 'Dhanush S','M','cb.en.u4cse17109@cb.students.amrita.edu','student_det729@gmail.com',9000000014);
-- insert into student_det(roll_number, name, gender, college_mail_id, personal_mail_id, phone_number, hostel, room_number, nationality, mother_tongue, communication_address, permanent_address, dob, blood_group, advisor_id) values('CB.EN.U4CSE17110', 'Divya T','F','cb.en.u4cse17110@cb.students.amrita.edu','student_det7210@gmail.com',9888811454);

create table parent_det(roll_number varchar(20) primary key, p_relation varchar(20), p_name varchar(20), p_email_id varchar(50) unique, p_phone_number bigint unique);
insert into parent_det values( 'CB.EN.U4CSE18001', 'Father', 'Sathyanarayanan M', 'sathyam@gmail.com', 8774722641 );
insert into parent_det values( 'CB.EN.U4CSE18002', 'Mother', 'Nalina D', 'nalinad@gmail.com', 8774722541 );
insert into parent_det values( 'CB.EN.U4CSE18003', 'Mother', 'Sahithi M', 'sahithi@gmail.com', 8974722641 );
insert into parent_det values( 'CB.EN.U4CSE18004', 'Father', 'Aran K', 'aranl@gmail.com', 8474722641 );
insert into parent_det values( 'CB.EN.U4CSE18005', 'Guardian', 'Krishna K', 'krishna@gmail.com', 8980722641 );
insert into parent_det values( 'CB.EN.U4CSE18006', 'Father', 'Ramesh K', 'rameshk@gmail.com', 7774722641 );
insert into parent_det values( 'CB.EN.U4CSE18007', 'Father', 'Santhosh N', 'santosh@gmail.com', 6874722641 );
insert into parent_det values( 'CB.EN.U4CSE18008', 'Father', 'Mani Kandan', 'manik@gmail.com', 9614722641 );
insert into parent_det values( 'CB.EN.U4CSE18009', 'Mother', 'Rebecca K', 'rebeccak@gmail.com', 9074722641 );
insert into parent_det values( 'CB.EN.U4CSE18010', 'Father', 'Kadhiravan J', 'kadirj@gmail.com', 8774754241 );


SELECT * FROM student_det S INNER JOIN parent_det P ON S.roll_number = P.roll_number where S.roll_number LIKE '%U4CSE180%';

SELECT * FROM student_det S INNER JOIN parent_det P ON S.roll_number = P.roll_number where S.advisor_id = '12301';

create table advisor_class (advisor_id varchar(10) references faculty(id), classid varchar(50), primary key(advisor_id));
insert into advisor_class values(12301, 'B.TECH. 2018 CSE A'), (13301, 'B.TECH. 2017 CSE A' ), (14312, 'B.TECH. 2018 CSE B');

-- drop table student_det;
-- drop table parent_det;
-- drop table advisor_class;
